{"steps": [500, 500, 500, 500, 500], "reward": [-318, -329, -327, -331, -222], "cum_win": [0, 0, 0, 0, 0], "position": {"max_position": [0.0, 0.0, 0.0, 0.0, 0.08305555632989191], "final_position": [-0.740585656330298, -0.8844105616966247, -0.8787602966985671, -0.8468804249246848, -0.37868596024590956]}, "mean_q_values": [0.04061324894428253, 0.04201784357428551, 0.041790999472141266, 0.04224870726466179, -0.14520803093910217], "episode": [1, 2, 3, 4, 5]}