{"reward": [-500, -500], "cum_win": [0, 0], "episode": [1, 2], "steps": [500, 500], "position": {"final_position": [-0.5261131243651491, -0.24680977365281057], "max_position": [0.0, 0.0]}, "mean_q_values": [0.03272237628698349, -0.3256849944591522]}