{"mean_q_values": [0.06844643503427505, -0.27655845880508423], "episode": [1, 2], "cum_win": [0, 0], "steps": [500, 500], "reward": [-500, -500], "position": {"max_position": [0.0, 0.0], "final_position": [-0.5875978864895733, -0.7305675159512401]}}