{"position": {"max_position": [0.0, 0.0, 0.0, 0.040271347182764636, 0.5030934505004556, 0.0, 0.49988824651588126, 0.5099258898568247, 0.5368577983788596, 0.528937573638213, 0.5368577983788596, 0.5108822283660153, 0.5291628101773671, 0.5259456369029324, 0.5410568598079735, 0.0, 0.5236484627224803, 0.5410301385677494, 0.5197101473713843, 0.5083573659035113, 0.5112325842021757, 0.5071489055262325, 0.0, 0.5105661596126162, 0.5195758034551186, 0.5134340727114759, 0.0, 0.5091273318285234, 0.5163668056409425, 0.5063792954271389, 0.5215269945279537, 0.5217188795131198, 0.5368577983788596, 0.0, 0.5174136961064172, 0.5038137221771658, 0.5368577983788596, 0.5071370674994167, 0.5015686872418688, 0.5118232554461704, 0.5029224820206569, 0.5182622373050959, 0.5141278824129524, 0.0, 0.506699946360187, 0.5077247588547974, 0.5261690240629648, 0.506493283419019, 0.5176779823533126, 0.5007641025752535, 0.5222921361258392, 0.5116615150132713, 0.3260279847740811, 0.5171698202656686, 0.5093787168071648, 0.5015540966355191, 0.5065675554220496, 0.5319266087853991, 0.5092346649559265, 0.512792369587277, 0.5099492485734124, 0.5158586486115744, 0.5014585055566061, 0.5101906581394705, 0.5215244516593439, 0.5073343271980507, 0.0, 0.039599669151138786, 0.0, 0.0, 0.2256740326540605, 0.4991217094581218, 0.18570399372535942, 0.5272333406611429, 0.5000947724182685, 0.5025470413687727, 0.05632336571481176, 0.523865159872217, 0.5159289575574252, 0.5068607334907916, 0.5076298259607948, 0.5368577983788596, 0.5270719871494772, 0.5183705047228109, 0.5284146062416286, 0.5190996244779306, 0.507071838200997, 0.4994448814516398, 0.4992007771568367, 0.5368577983788596, 0.5051229403196617, 0.5368577983788596, 0.52116323419754, 0.5187146746233152, 0.5080985025884045, 0.5249677007890025, 0.5065780727762169, 0.5254164573190694, 0.5049634412782646, 0.5033193350323442, 0.5143543914053574, 0.5388151337078636, 0.49631443020064303, 0.0, 0.0, 0.5236152451902494, 0.0, 0.0, 0.5008025570005381, 0.0, 0.0, 0.0, 0.0, 0.0, 0.5093839061123674, 0.0, 0.3302590795450867, 0.0], "final_position": [-0.5352185012117695, -0.5318814808277054, -0.40382852067886177, 0.040271347182764636, 0.5030934505004556, -0.16227414093425022, 0.49988824651588126, 0.5099258898568247, 0.5368577983788596, 0.528937573638213, 0.5368577983788596, 0.5108822283660153, 0.5291628101773671, 0.5259456369029324, 0.5410568598079735, -0.7191295911684261, 0.5236484627224803, 0.5410301385677494, 0.5197101473713843, 0.5083573659035113, 0.5112325842021757, 0.5071489055262325, -0.6591199073377687, 0.5105661596126162, 0.5195758034551186, 0.5134340727114759, -0.4643524337661228, 0.5091273318285234, 0.5163668056409425, 0.5063792954271389, 0.5215269945279537, 0.5217188795131198, 0.5368577983788596, -0.5527880130074438, 0.5174136961064172, 0.5038137221771658, 0.5368577983788596, 0.5071370674994167, 0.5015686872418688, 0.5118232554461704, 0.5029224820206569, 0.5182622373050959, 0.5141278824129524, -0.37573365289012106, 0.506699946360187, 0.5077247588547974, 0.5261690240629648, 0.506493283419019, 0.5176779823533126, 0.5007641025752535, 0.5222921361258392, 0.5116615150132713, -0.40957948154413365, 0.5171698202656686, 0.5093787168071648, 0.5015540966355191, 0.5065675554220496, 0.5319266087853991, 0.5092346649559265, 0.512792369587277, 0.5099492485734124, 0.5158586486115744, 0.5014585055566061, 0.5101906581394705, 0.5215244516593439, 0.5073343271980507, -0.4042764956314694, -0.08418625909711872, -0.21945729188199314, -0.38811810960162724, -0.4978885099908687, 0.4991217094581218, -0.6852087706273801, 0.5272333406611429, 0.5000947724182685, 0.5025470413687727, -0.9424005295223149, 0.523865159872217, 0.5159289575574252, 0.5068607334907916, 0.5076298259607948, 0.5368577983788596, 0.5270719871494772, 0.5183705047228109, 0.5284146062416286, 0.5190996244779306, 0.507071838200997, 0.4994448814516398, 0.4992007771568367, 0.5368577983788596, 0.5051229403196617, 0.5368577983788596, 0.52116323419754, 0.5187146746233152, 0.5080985025884045, 0.5249677007890025, 0.5065780727762169, 0.5254164573190694, 0.5049634412782646, 0.5033193350323442, 0.5143543914053574, 0.5388151337078636, -0.9926365994132561, -0.43601607814673843, -0.3823361445579171, 0.5236152451902494, -0.36551752125983483, -0.296150033581486, 0.5008025570005381, -0.27131220417050556, -0.5830222800029512, -0.6881969787805058, -0.34612590697893636, -0.7562731564895183, 0.5093839061123674, -0.20914371234960338, -1.0205735430372538, -0.3127970479467814]}, "reward": [-197, -208, -253, -209, -85, -232, 20, -33, -14, 20, 0, 16, -57, 42, 14, -230, -43, -26, -29, -55, 43, -53, -251, -13, -55, 5, -264, -5, 9, 21, 46, -27, -32, -245, -83, 10, -28, -7, -38, 41, -20, -126, 9, -251, -9, 9, 2, -34, 10, -115, 20, 28, -242, 18, 26, -118, 14, 0, 19, -94, 26, 33, -17, -109, -17, -63, -255, -216, -248, -196, -183, 46, -217, 19, 33, 24, -227, -6, 33, -53, -16, -55, 40, -5, 33, 14, -29, -42, 52, -66, 13, 24, -2, -3, -33, -37, 35, 10, -80, -38, -104, -19, -192, -245, -205, -78, -194, -221, -77, -189, -212, -224, -205, -209, -10, -189, -152, -193], "mean_q_values": [-0.012319144792854786, -0.3282301723957062, -8.197258949279785, -10.835357666015625, -10.281739234924316, -8.678300857543945, 10.906771659851074, -0.5840004682540894, 3.221205234527588, 13.212385177612305, 10.553074836730957, 10.625021934509277, 5.566464900970459, 15.05305290222168, 11.284311294555664, -2.243865728378296, 12.654107093811035, 6.751618385314941, 3.549626588821411, 3.2935633659362793, 13.798077583312988, 17.14934539794922, 3.398622751235962, 11.696550369262695, 3.832077980041504, 10.4365234375, -4.909387588500977, 14.36162281036377, 21.701730728149414, 13.10215950012207, 26.678638458251953, 15.381803512573242, 17.993270874023438, -11.47121524810791, 3.595588207244873, 8.26283073425293, 10.623215675354004, 14.03288745880127, 6.258953094482422, 13.511446952819824, 13.134119033813477, 4.934365749359131, 20.21017837524414, -0.3469479978084564, 10.427833557128906, 19.561046600341797, 19.094261169433594, 11.235000610351562, 21.083332061767578, 3.428459405899048, 18.048402786254883, 15.103741645812988, 25.53830909729004, 21.345787048339844, 11.213717460632324, 1.9364033937454224, 16.043638229370117, 11.282984733581543, 16.565654754638672, 10.690144538879395, 13.732093811035156, 13.0478515625, 9.149943351745605, 8.020179748535156, 14.382604598999023, 17.341869354248047, 1.3387470245361328, 1.5762310028076172, -9.409634590148926, -10.88481616973877, -10.11817455291748, -8.989725112915039, -6.664178848266602, -5.028248310089111, -4.810485363006592, -5.848733901977539, -7.812823295593262, -2.2873620986938477, -2.6087164878845215, -5.926376819610596, -4.950788974761963, 22.52713394165039, 32.61164474487305, 11.674662590026855, 35.96894073486328, 48.56413650512695, 37.92185974121094, 13.744621276855469, 23.79631805419922, 15.45732307434082, 0.5597153306007385, 6.729705333709717, 10.812041282653809, 22.592119216918945, 26.768354415893555, 14.339606285095215, 22.219303131103516, 23.70799446105957, 13.495752334594727, 15.953503608703613, 16.31296730041504, 15.75298023223877, 7.499539375305176, -1.8379777669906616, -9.372499465942383, -11.748477935791016, -10.759506225585938, -9.501852989196777, -12.211896896362305, -11.616089820861816, -10.132142066955566, -11.642755508422852, -12.832279205322266, -12.393394470214844, -12.535253524780273, -11.01978588104248, -9.4037504196167, -10.146605491638184], "episode": [1, 2, 3, 4, 5, 6, 7, 8, 9, 10, 11, 12, 13, 14, 15, 16, 17, 18, 19, 20, 21, 22, 23, 24, 25, 26, 27, 28, 29, 30, 31, 32, 33, 34, 35, 36, 37, 38, 39, 40, 41, 42, 43, 44, 45, 46, 47, 48, 49, 50, 51, 52, 53, 54, 55, 56, 57, 58, 59, 60, 61, 62, 63, 64, 65, 66, 67, 68, 69, 70, 71, 72, 73, 74, 75, 76, 77, 78, 79, 80, 81, 82, 83, 84, 85, 86, 87, 88, 89, 90, 91, 92, 93, 94, 95, 96, 97, 98, 99, 100, 101, 102, 103, 104, 105, 106, 107, 108, 109, 110, 111, 112, 113, 114, 115, 116, 117, 118],