{"steps": [500, 500, 500, 500, 500, 500, 500, 500], "episode": [1, 2, 3, 4, 5, 6, 7, 8], "reward": [-207, -194, -197, -194, -285, -261, -227, -218], "mean_q_values": [-0.0029347704257816076, -0.002775609027594328, -0.0027704418171197176, -0.0027769512962549925, -1.6883081197738647, -5.931887626647949, -8.643795013427734, -12.399663925170898], "position": {"max_position": [0.0, 0.0, 0.0, 0.0, 0.0, 0.0, 0.0, 0.0], "final_position": [-0.3253621560271362, -0.18130362005389722, -0.4623413503508657, -0.24087787583332848, -0.4447007226891989, -0.34214081124289547, -0.42864074630538157, -0.4274313716080723]}, "cum_win": [0, 0, 0, 0, 0, 0, 0, 0]}