{"reward": [-261, -261, -261, -263], "episode": [1, 2, 3, 4], "steps": [500, 500, 500, 500], "position": {"max_position": [0.0, 0.0, 0.0, 0.0], "final_position": [-0.5494678636577369, -0.503042741904815, -0.545091119834919, -0.47914431071020586]}, "cum_win": [0, 0, 0, 0], "mean_q_values": [0.028008388355374336, 0.02800801582634449, 0.027958178892731667, 0.02824147790670395]}